
# 一、什么是数据库
**数据库(Database)是按照数据结构来组织、存储和管理数据的建立在计算机存储设备上的仓库。数据库中的数据指的是以一定的数据模型组织、描述和储存在一起、具有尽可能小的冗余度、较高的数据独立性和易扩展性的特点并可在一定范围内为多个用户共享。**

数据库的概念实际包括两层意思：

1. 数据库是一个实体，它是能够合理保管数据的“仓库”，用户在该“仓库”中存放要管理的事务数据，“数据”和“库”两个概念结合成为数据库。
2. 数据库是数据管理的新方法和技术，它能更合适的组织数据、更方便的维护数据、更严密的控制数据和更有效的利用数据。


## 1.1关系型数据库
**关系型数据库**：存储的格式可以直观地反映实体间的关系。关系型数据库和常见的表格比较相似，关系型数据库中表与表之间是有很多复杂的关联关系的。

关系型数据库是依据关系模型来创建的数据库。所谓关系模型就是“一对一、一对多、多对多”等关系模型，关系模型就是指二维表格模型,因而一个关系型数据库就是由二维表及其之间的联系组成的一个数据组织。关系型数据可以很好地存储一些关系模型的数据。

**常见的关系型数据库：**`Oracle、DB2、PostgreSQL、Microsoft SQL Server、Microsoft Access、MySQL`


## 1.2非关系型数据库
**非关系型数据库：**用于存储和检索数据的非关系数据库系统。非关系型数据库适合追求速度和可扩展性、业务多变的应用场景。非关系型数据库利用key-value可以大量的获取大量的非结构化数据，并且数据的获取效率很高，但用它查询结构化数据效果就比较差。

目前非关系型数据库仍然没有一个统一的标准，它现在有四种大的分类：

1. 键值对存储（key-value）：代表软件Redis，它的优点能够进行数据的快速查询，而缺点是需要存储数据之间的关系。
2. 列存储：代表软件Hbase，它的优点是对数据能快速查询，数据存储的扩展性强。而缺点是数据库的功能有局限性。
3. 文档数据库存储：代表软件MongoDB，它的优点是对数据结构要求不特别的严格。而缺点是查询性的性能不好，同时缺少一种统一查询言。
4. 图形数据库存储：代表软件InfoGrid，它的优点可以方便的利用图结构相关算法进行计算。而缺点是要想得到结果必须进行整个图的计算，而且遇到不适合的数据模型时，图形数据库很难使用。

**常见的非关系型数据库：**`MongoDB、Cassandra、Redis、HBase、Oracle 非关系型、Amazon DynamoDB、Couchbase、Memcached、CouchDB`


## 1.3关系型数据库与非关系型数据库的区别
**存储方式**

- 关系型数据库采用表格的储存方式， 数据以行和列的方式进行存储，要读取和查询都十分方便。
- 非关系型数据通常以数据集的方式，大量的数据集中存储在一起，类似于键值对、图结构或者文档。

**存储结构**

- 关系型数据库按照结构化的方法存储数据， 每个数据表都必须对各个字段定义好，再根据表的结构存入数据。
- 非关系型数据库由于面对的是大量非结构化的数据的存储，它采用的是动态结构，对于数据类型和结构的改变非常的适应，可以根据数据存储的需要灵活的改变数据库的结构。

**存储规范**

- 关系型数据库为了避免重复、规范化数据以及充分利用好存储空间，把数据按照最小关系表的形式进行存储，这样数据管理的就可以变得很清晰。
- 非关系型数据库的数据存储方式是用平面数据集的方式集中存放，这样数据能存成一个整体，对于数据的读写提供了极大的方便。

**扩展方式**

- 关系型数据库只具备纵向扩展能力。
- 非关系型数据库由于使用的是数据集的存储方式，它的存储方式一定是分布式的，它可以采用横向的方式来开展数据库，可以添加更多数据库服务器到资源池，然后由这些增加的服务器来负担数据量增加的开销。

**查询方式**

- 关系型数据库采用结构化查询语言（即SQL）来对数据库进行查询，SQL可以采用类似索引的方法来加快查询操作。
- 非关系型数据库使用的是非结构化查询语言（UnQL），它以数据集（像文档）为单位来管理和操作数据，非关系型数据库采用的数据访问模式相对SQL更简单而精确。

**规范化**

- 关系型数据库中，一个数据实体一般首先要分割成多个部分，然后再对分割的部分进行规范化，规范化以后再分别存入到多张关系型数据表中。可以利用ORM层（对象关系映射）来将数据库中对象模型映射到基于SQL的关系型数据库中去以及进行不同类型系统的数据之间的转换。
- 非关系型数据库通常是在一个单独的存储单元中存入一个复杂的数据实体。

**事务性**

- 关系型数据库强调ACID规则（原子性、一致性、隔离性、持久性），可以满足对事务性要求较高或者需要进行复杂数据查询的数据操作，而且可以充分满足数据库操作的高性能和操作稳定性的要求。
- 非关系型数据库强调BASE原则（基本可用、软状态、最终一致性），它减少了对数据的强一致性支持，从而获得了基本一致性和柔性可靠性，并且利用以上的特性达到了高可靠性和高性能，最终达到了数据的最终一致性。

**读写性能**

-  关系型数据库存储数据和处理数据的可靠性很不错，但一旦面对海量数据的处理的时候效率就会变得很差，特别是遇到高并发读写的时候性能就会下降的非常厉害。 
-  非关系型数据库相对关系型数据库优势最大的恰恰是应对大数据方面，对于大量的每天都产生非结构化的数据能够高性能的读写，这是因为非关系型数据库是按[key-value](https://baike.baidu.com/item/key-value/8578878)类型进行存储的，以数据集的方式存储的，因此无论是扩展还是读写都非常容易，并且非关系型数据库不需要关系型数据库繁琐的解析。 


# 二、关系型数据库基本命令学习（MySQL）

## 2.1、MySQL安装
[https://www.runoob.com/mysql/mysql-install.html](https://www.runoob.com/mysql/mysql-install.html)


## 2.2、创建数据库
登入数据库
```
mysql -u root -p
```
```
[root@localhost ~]# mysql -u root -p
Enter password:
Welcome to the MySQL monitor.  Commands end with ; or \g.
Your MySQL connection id is 8
Server version: 8.0.28 MySQL Community Server - GPL
Copyright (c) 2000, 2022, Oracle and/or its affiliates.
Oracle is a registered trademark of Oracle Corporation and/or its
affiliates. Other names may be trademarks of their respective
owners.
Type 'help;' or '\h' for help. Type '\c' to clear the current input statement.
mysql>
```

创建数据库
```
create database 数据库名;
```
```
mysql> create database XMTX;
Query OK, 1 row affected (0.01 sec)

mysql>
```

使用 mysqladmin 创建数据库
```
mysqladmin -u root -p create XMTX2
```
```
[root@localhost ~]# mysqladmin -u root -p create XMTX2
Enter password:
[root@localhost ~]#
```

查看是否成功创建
```
show databases；
```
```
mysql> show databases;
+--------------------+
| Database           |
+--------------------+
| XMTX               |
| XMTX2              |
| information_schema |
| mysql              |
| performance_schema |
| sys                |
| test               |
+--------------------+
7 rows in set (0.11 sec)
```


## 2.3、删除数据库
```
drop database 数据库名;
```
```
mysql> drop database XMTX;
Query OK, 0 rows affected (0.01 sec)

mysql> show databases;
+--------------------+
| Database           |
+--------------------+
| XMTX2              |
| information_schema |
| mysql              |
| performance_schema |
| sys                |
| test               |
+--------------------+
6 rows in set (0.00 sec)
```

使用 mysqladmin 删除数据库
```
mysqladmin -u root -p drop XMTX2
```
```
[root@localhost ~]# mysqladmin -u root -p drop XMTX2
Enter password:
Dropping the database is potentially a very bad thing to do.
Any data stored in the database will be destroyed.

Do you really want to drop the 'XMTX2' database [y/N] y
Database "XMTX2" dropped
```


## 2.4、选择数据库
```
use 数据库名;
```
```
mysql> use information_schema;
Reading table information for completion of table and column names
You can turn off this feature to get a quicker startup with -A

Database changed
mysql>
```


## 2.5、数据类型
MySQL 支持多种类型，大致可以分为三类：数值、日期/时间和字符串(字符)类型。<br />参考菜鸟教程学习<br />[https://www.runoob.com/mysql/mysql-data-types.html](https://www.runoob.com/mysql/mysql-data-types.html)


## 2.6、创建数据表
利用CREATE TABLE创建表，需以下信息

- 新表的名字，在关键字CREATE TABLE之后
- 表列的名字和定义，用逗号隔开。
- 部分DBMS需要指定表的位置。
```
mysql> use XMTX;
Database changed
mysql> create table XMTX_table(
    -> XMTX_id int not null auto_increment,
    -> XMTX_title varchar(100) not null,
    -> XMTX_author varchar(40) not null,
    -> submission_date date,
    -> primary key (XMTX_id)
    -> )engine=innodb default charset=utf8;
Query OK, 0 rows affected, 1 warning (0.02 sec)

mysql> show tables;
+----------------+
| Tables_in_XMTX |
+----------------+
| XMTX_table     |
+----------------+
1 row in set (0.00 sec)

mysql> desc XMTX_table;
+-----------------+--------------+------+-----+---------+----------------+
| Field           | Type         | Null | Key | Default | Extra          |
+-----------------+--------------+------+-----+---------+----------------+
| XMTX_id         | int          | NO   | PRI | NULL    | auto_increment |
| XMTX_title      | varchar(100) | NO   |     | NULL    |                |
| XMTX_author     | varchar(40)  | NO   |     | NULL    |                |
| submission_date | date         | YES  |     | NULL    |                |
+-----------------+--------------+------+-----+---------+----------------+
4 rows in set (0.01 sec)
```

**使用NULL值**：允许使用NULL值的列，也允许插入行时不给出该列的值，如果不允许该行设值，可以使用NULL。<br />**指定默认**：值插入行时，如果不指定值，自动采用默认值<br />**AUTO_INCREMENT**：定义列为自增的属性，一般用于主键，数值会自动加1。<br />**PRIMARY KEY**：关键字用于定义列为主键。 您可以使用多列来定义主键，列间以逗号分隔。<br />**ENGINE** ：设置存储引擎，CHARSET 设置编码。


## 2.7、插入数据
```
INSERT INTO table_name ( field1, field2,...fieldN )
                       VALUES
                       ( value1, value2,...valueN );
```
```
mysql> use XMTX;
Database changed
mysql> insert into XMTX_table
    -> (XMTX_title,XMTX_author,submission_date)
    -> values
    -> ("XMTX1","aaa","2022-03-25")
    -> ;
Query OK, 1 row affected (0.36 sec)

mysql> insert into XMTX_table
    -> (XMTX_title,XMTX_author,submission_date)
    -> values
    -> ("XMTX2","bbb","2022-03-26");
Query OK, 1 row affected (0.01 sec)

mysql> insert into XMTX_table
    -> (XMTX_title,XMTX_author,submission_date)
    -> values
    -> ("XMTX3","ccc","2022-03-27");
Query OK, 1 row affected (0.00 sec)

mysql> select * from XMTX_table;
+---------+------------+-------------+-----------------+
| XMTX_id | XMTX_title | XMTX_author | submission_date |
+---------+------------+-------------+-----------------+
|       1 | XMTX1      | aaa         | 2022-03-25      |
|       2 | XMTX2      | bbb         | 2022-03-26      |
|       3 | XMTX3      | ccc         | 2022-03-27      |
+---------+------------+-------------+-----------------+
3 rows in set (0.00 sec)
```


## 2.8、查询数据
```
SELECT column_name,column_name FROM table_name [WHERE Clause] [LIMIT N][ OFFSET M]
```

- 查询语句中可以使用一个或者多个表，表之间使用逗号(,)分割，并使用WHERE语句来设定查询条件。
- SELECT 命令可以读取一条或者多条记录。
- 可以使用星号（*）来代替其他字段，SELECT语句会返回表的所有字段数据
- 可以使用 WHERE 语句来包含任何条件。
- 可以使用 LIMIT 属性来设定返回的记录数。
- 可以通过OFFSET指定SELECT语句开始查询的数据偏移量。默认情况下偏移量为0。
```
mysql> select * from XMTX_table;
+---------+------------+-------------+-----------------+
| XMTX_id | XMTX_title | XMTX_author | submission_date |
+---------+------------+-------------+-----------------+
|       1 | XMTX1      | aaa         | 2022-03-25      |
|       2 | XMTX2      | bbb         | 2022-03-26      |
|       3 | XMTX3      | ccc         | 2022-03-27      |
+---------+------------+-------------+-----------------+
3 rows in set (0.01 sec)
```


## 2.9、where子句
```
SELECT field1, field2,...fieldN FROM table_name1, table_name2... [WHERE condition1 [AND [OR]] condition2.....
```

- 查询语句中可以使用一个或者多个表，表之间使用逗号**,** 分割，并使用WHERE语句来设定查询条件。
- 可以在 WHERE 子句中指定任何条件。
- 可以使用 AND 或者 OR 指定一个或多个条件。
- WHERE 子句也可以运用于 SQL 的 DELETE 或者 UPDATE 命令。
- WHERE 子句类似于程序语言中的 if 条件，根据 MySQL 表中的字段值来读取指定的数据。
```
mysql> select * from XMTX_table where XMTX_title='XMTX2';
+---------+------------+-------------+-----------------+
| XMTX_id | XMTX_title | XMTX_author | submission_date |
+---------+------------+-------------+-----------------+
|       2 | XMTX2      | bbb         | 2022-03-26      |
+---------+------------+-------------+-----------------+
1 row in set (0.00 sec)
```


## 2.10、update更新
```
UPDATE table_name SET field1=new-value1, field2=new-value2 [WHERE Clause]
```

- 可以同时更新一个或多个字段。
- 可以在 WHERE 子句中指定任何条件。
- 可以在一个单独表中同时更新数据。
```
mysql> select submission_date from XMTX_table where XMTX_title='XMTX2';
+-----------------+
| submission_date |
+-----------------+
| 2022-03-26      |
+-----------------+
1 row in set (0.00 sec)

mysql> update XMTX_table set submission_date='2022-03-29' where XMTX_title='XMTX2';
Query OK, 1 row affected (0.01 sec)
Rows matched: 1  Changed: 1  Warnings: 0

mysql> select submission_date from XMTX_table where XMTX_title='XMTX2';
+-----------------+
| submission_date |
+-----------------+
| 2022-03-29      |
+-----------------+
1 row in set (0.00 sec)
```


## 2.11、delete子句
```
DELETE FROM table_name [WHERE Clause]
```

- 如果没有指定 WHERE 子句，MySQL 表中的所有记录将被删除。
- 可以在 WHERE 子句中指定任何条件
- 可以在单个表中一次性删除记录。
```
mysql> select * from XMTX_table;
+---------+------------+-------------+-----------------+
| XMTX_id | XMTX_title | XMTX_author | submission_date |
+---------+------------+-------------+-----------------+
|       1 | XMTX1      | aaa         | 2022-03-25      |
|       2 | XMTX2      | bbb         | 2022-03-29      |
|       3 | XMTX3      | ccc         | 2022-03-27      |
+---------+------------+-------------+-----------------+
3 rows in set (0.00 sec)

mysql> delete from XMTX_table where XMTX_id=2;
Query OK, 1 row affected (0.00 sec)

mysql> select * from XMTX_table;
+---------+------------+-------------+-----------------+
| XMTX_id | XMTX_title | XMTX_author | submission_date |
+---------+------------+-------------+-----------------+
|       1 | XMTX1      | aaa         | 2022-03-25      |
|       3 | XMTX3      | ccc         | 2022-03-27      |
+---------+------------+-------------+-----------------+
2 rows in set (0.00 sec)
```


## 2.12、like子句
在 MySQL 中使用 SQL SELECT 命令来读取数据， 同时我们可以在 SELECT 语句中使用 WHERE 子句来获取指定的记录。WHERE 子句中可以使用等号 **=** 来设定获取数据的条件，但是有时候我们需要获取 runoob_author 字段含有某字符的所有记录，这时我们就需要在 WHERE 子句中使用 SQL LIKE 子句。

SQL LIKE 子句中使用百分号 **%**字符来表示任意字符，类似于UNIX或正则表达式中的星号 *。

如果没有使用百分号 **%**, LIKE 子句与等号 **=** 的效果是一样的。
```
SELECT field1, field2,...fieldN FROM table_name WHERE field1 LIKE condition1 [AND [OR]] filed2 = 'somevalue'
```

- 可以在 WHERE 子句中指定任何条件。
- 可以在 WHERE 子句中使用LIKE子句。
- 可以使用LIKE子句代替等号 **=**。
- LIKE 通常与 **%** 一同使用，类似于一个元字符的搜索。
- 可以使用 AND 或者 OR 指定一个或多个条件。
- 可以在 DELETE 或 UPDATE 命令中使用 WHERE...LIKE 子句来指定条件。
```
mysql> select * from XMTX_table where XMTX_title like 'XMTX%';
+---------+------------+-------------+-----------------+
| XMTX_id | XMTX_title | XMTX_author | submission_date |
+---------+------------+-------------+-----------------+
|       1 | XMTX1      | aaa         | 2022-03-25      |
|       3 | XMTX3      | ccc         | 2022-03-27      |
+---------+------------+-------------+-----------------+
2 rows in set (0.00 sec)
```


## 2.13、union操作符
UNION 操作符用于连接两个以上的 SELECT 语句的结果组合到一个结果集合中。多个 SELECT 语句会删除重复的数据。
```
SELECT expression1, expression2, ... expression_n
FROM tables
[WHERE conditions]
UNION [ALL | DISTINCT]
SELECT expression1, expression2, ... expression_n
FROM tables
[WHERE conditions];
```


## 2.14、group by子句
GROUP BY 语句根据一个或多个列对结果集进行分组，在分组的列上我们可以使用 COUNT, SUM, AVG,等函数。
```
SELECT column_name, function(column_name)
FROM table_name
WHERE column_name operator value
GROUP BY column_name;
```


## 2.15、alert命令
当需要修改数据表名或者修改数据表字段时，就需要使用到MySQL ALTER命令。

删除表字段
```
mysql> select * from XMTX_table;
+---------+------------+-------------+-----------------+
| XMTX_id | XMTX_title | XMTX_author | submission_date |
+---------+------------+-------------+-----------------+
|       1 | XMTX1      | aaa         | 2022-03-25      |
|       3 | XMTX3      | ccc         | 2022-03-27      |
+---------+------------+-------------+-----------------+
2 rows in set (0.00 sec)

mysql> alter table XMTX_table drop XMTX_author;
Query OK, 0 rows affected (0.09 sec)
Records: 0  Duplicates: 0  Warnings: 0

mysql> select * from XMTX_table;
+---------+------------+-----------------+
| XMTX_id | XMTX_title | submission_date |
+---------+------------+-----------------+
|       1 | XMTX1      | 2022-03-25      |
|       3 | XMTX3      | 2022-03-27      |
+---------+------------+-----------------+
```

添加字段<br />执行命令后，新添加字段会自动添加到数据表字段的末尾。
```
mysql> alter table XMTX_table add XMTX_test int;
Query OK, 0 rows affected (0.01 sec)
Records: 0  Duplicates: 0  Warnings: 0

mysql> select * from XMTX_table;
+---------+------------+-----------------+-----------+
| XMTX_id | XMTX_title | submission_date | XMTX_test |
+---------+------------+-----------------+-----------+
|       1 | XMTX1      | 2022-03-25      |      NULL |
|       3 | XMTX3      | 2022-03-27      |      NULL |
+---------+------------+-----------------+-----------+
2 rows in set (0.00 sec)
```

定新增字段的位置，可以使用MySQL提供的关键字 FIRST (设定位第一列)， AFTER 字段名（设定位于某个字段之后）。
```
# 关键字 FIRST (设定位第一列)
mysql> select * from XMTX_table;
+---------+------------+-----------------+-----------+
| XMTX_id | XMTX_title | submission_date | XMTX_test |
+---------+------------+-----------------+-----------+
|       1 | XMTX1      | 2022-03-25      |      NULL |
|       3 | XMTX3      | 2022-03-27      |      NULL |
+---------+------------+-----------------+-----------+
2 rows in set (0.00 sec)

mysql> alter table XMTX_table add XMTX_test2 int first;
Query OK, 0 rows affected (0.05 sec)
Records: 0  Duplicates: 0  Warnings: 0

mysql> select * from XMTX_table;
+------------+---------+------------+-----------------+-----------+
| XMTX_test2 | XMTX_id | XMTX_title | submission_date | XMTX_test |
+------------+---------+------------+-----------------+-----------+
|       NULL |       1 | XMTX1      | 2022-03-25      |      NULL |
|       NULL |       3 | XMTX3      | 2022-03-27      |      NULL |
+------------+---------+------------+-----------------+-----------+
2 rows in set (0.00 sec)

# AFTER 字段名（设定位于某个字段之后）
mysql> alter table XMTX_table add XMTX_test3 int after XMTX_id;
Query OK, 0 rows affected (0.04 sec)
Records: 0  Duplicates: 0  Warnings: 0

mysql> select * from XMTX_table;
+------------+---------+------------+------------+-----------------+-----------+
| XMTX_test2 | XMTX_id | XMTX_test3 | XMTX_title | submission_date | XMTX_test |
+------------+---------+------------+------------+-----------------+-----------+
|       NULL |       1 |       NULL | XMTX1      | 2022-03-25      |      NULL |
|       NULL |       3 |       NULL | XMTX3      | 2022-03-27      |      NULL |
+------------+---------+------------+------------+-----------------+-----------+
2 rows in set (0.00 sec)
```

修改字段类型
```
mysql> show columns from XMTX_table;
+-----------------+--------------+------+-----+---------+----------------+
| Field           | Type         | Null | Key | Default | Extra          |
+-----------------+--------------+------+-----+---------+----------------+
| XMTX_test2      | int          | YES  |     | NULL    |                |
| XMTX_id         | int          | NO   | PRI | NULL    | auto_increment |
| XMTX_test3      | int          | YES  |     | NULL    |                |
| XMTX_title      | varchar(100) | NO   |     | NULL    |                |
| submission_date | date         | YES  |     | NULL    |                |
| XMTX_test       | int          | YES  |     | NULL    |                |
+-----------------+--------------+------+-----+---------+----------------+
6 rows in set (0.01 sec)

mysql> alter table XMTX_table modify XMTX_test2 char(10);
Query OK, 2 rows affected (0.10 sec)
Records: 2  Duplicates: 0  Warnings: 0

mysql> show columns from XMTX_table;
+-----------------+--------------+------+-----+---------+----------------+
| Field           | Type         | Null | Key | Default | Extra          |
+-----------------+--------------+------+-----+---------+----------------+
| XMTX_test2      | char(10)     | YES  |     | NULL    |                |
| XMTX_id         | int          | NO   | PRI | NULL    | auto_increment |
| XMTX_test3      | int          | YES  |     | NULL    |                |
| XMTX_title      | varchar(100) | NO   |     | NULL    |                |
| submission_date | date         | YES  |     | NULL    |                |
| XMTX_test       | int          | YES  |     | NULL    |                |
+-----------------+--------------+------+-----+---------+----------------+
6 rows in set (0.00 sec)
```

修改字段名称<br />在 CHANGE 关键字之后，紧跟着的是你要修改的字段名，然后指定新字段名及类型
```
mysql> alter table XMTX_table change XMTX_test XMTX_test1 int;
Query OK, 0 rows affected (0.01 sec)
Records: 0  Duplicates: 0  Warnings: 0

mysql> show columns from XMTX_table;
+-----------------+--------------+------+-----+---------+----------------+
| Field           | Type         | Null | Key | Default | Extra          |
+-----------------+--------------+------+-----+---------+----------------+
| XMTX_test2      | char(10)     | YES  |     | NULL    |                |
| XMTX_id         | int          | NO   | PRI | NULL    | auto_increment |
| XMTX_test3      | int          | YES  |     | NULL    |                |
| XMTX_title      | varchar(100) | NO   |     | NULL    |                |
| submission_date | date         | YES  |     | NULL    |                |
| XMTX_test1      | int          | YES  |     | NULL    |                |
+-----------------+--------------+------+-----+---------+----------------+
6 rows in set (0.00 sec)
```

修改字段默认值
```
mysql> alter table XMTX_table alter XMTX_test1 set default 10;
Query OK, 0 rows affected (0.02 sec)
Records: 0  Duplicates: 0  Warnings: 0

mysql> show columns from XMTX_table;
+-----------------+--------------+------+-----+---------+----------------+
| Field           | Type         | Null | Key | Default | Extra          |
+-----------------+--------------+------+-----+---------+----------------+
| XMTX_test2      | char(10)     | YES  |     | NULL    |                |
| XMTX_id         | int          | NO   | PRI | NULL    | auto_increment |
| XMTX_test3      | int          | YES  |     | NULL    |                |
| XMTX_title      | varchar(100) | NO   |     | NULL    |                |
| submission_date | date         | YES  |     | NULL    |                |
| XMTX_test1      | int          | YES  |     | 10      |                |
+-----------------+--------------+------+-----+---------+----------------+
6 rows in set (0.00 sec)
```

删除字段默认值
```
mysql> alter table XMTX_table alter XMTX_test1 drop default;
Query OK, 0 rows affected (0.02 sec)
Records: 0  Duplicates: 0  Warnings: 0

mysql> show columns from XMTX_table;
+-----------------+--------------+------+-----+---------+----------------+
| Field           | Type         | Null | Key | Default | Extra          |
+-----------------+--------------+------+-----+---------+----------------+
| XMTX_test2      | char(10)     | YES  |     | NULL    |                |
| XMTX_id         | int          | NO   | PRI | NULL    | auto_increment |
| XMTX_test3      | int          | YES  |     | NULL    |                |
| XMTX_title      | varchar(100) | NO   |     | NULL    |                |
| submission_date | date         | YES  |     | NULL    |                |
| XMTX_test1      | int          | YES  |     | NULL    |                |
+-----------------+--------------+------+-----+---------+----------------+
6 rows in set (0.00 sec)
```

修改表名
```
mysql> show tables;
+----------------+
| Tables_in_XMTX |
+----------------+
| XMTX_table     |
+----------------+
1 row in set (0.01 sec)

mysql> alter table XMTX_table rename to XMTX_test_table;
Query OK, 0 rows affected (0.01 sec)

mysql> show tables;
+-----------------+
| Tables_in_XMTX  |
+-----------------+
| XMTX_test_table |
+-----------------+
1 row in set (0.00 sec)
```


## 2.16、导出数据
```
SELECT...INTO OUTFILE
```

- SELECT...INTO OUTFILE 'file_name'形式的SELECT可以把被选择的行写入一个文件中。该文件被创建到服务器主机上，因此您必须拥有FILE权限，才能使用此语法。
- 输出不能是一个已存在的文件。防止文件数据被篡改。
- 你需要有一个登陆服务器的账号来检索文件。否则 SELECT ... INTO OUTFILE 不会起任何作用。
- 在UNIX中，该文件被创建后是可读的，权限由MySQL服务器所拥有。这意味着，虽然你就可以读取该文件，但可能无法将其删除。
```
mysql> select * from XMTX_test_table into outfile '/var/lib/mysql-files/test.txt';
Query OK, 2 rows affected (0.09 sec)

[root@localhost ~]# cat /var/lib/mysql-files/test.txt
\N      1       \N      XMTX1   2022-03-25      \N
\N      3       \N      XMTX3   2022-03-27      \N
```

导出表作为原始数据

**mysqldump** 是 mysql 用于转存储数据库的实用程序。它主要产生一个 SQL 脚本，其中包含从头重新创建数据库所必需的命令 CREATE TABLE INSERT 等。

使用 **mysqldump** 导出数据需要使用 **--tab** 选项来指定导出文件指定的目录，该目标必须是可写的。
```
[root@localhost ~]# mysqldump -u root -p XMTX XMTX_test_table > test.txt
Enter password:
[root@localhost ~]# ls
test.txt
[root@localhost ~]# cat test.txt
-- MySQL dump 10.13  Distrib 8.0.28, for Linux (x86_64)
--
-- Host: localhost    Database: XMTX
-- ------------------------------------------------------
-- Server version       8.0.28

/*!40101 SET @OLD_CHARACTER_SET_CLIENT=@@CHARACTER_SET_CLIENT */;
/*!40101 SET @OLD_CHARACTER_SET_RESULTS=@@CHARACTER_SET_RESULTS */;
/*!40101 SET @OLD_COLLATION_CONNECTION=@@COLLATION_CONNECTION */;
/*!50503 SET NAMES utf8mb4 */;
/*!40103 SET @OLD_TIME_ZONE=@@TIME_ZONE */;
/*!40103 SET TIME_ZONE='+00:00' */;
/*!40014 SET @OLD_UNIQUE_CHECKS=@@UNIQUE_CHECKS, UNIQUE_CHECKS=0 */;
/*!40014 SET @OLD_FOREIGN_KEY_CHECKS=@@FOREIGN_KEY_CHECKS, FOREIGN_KEY_CHECKS=0 */;
/*!40101 SET @OLD_SQL_MODE=@@SQL_MODE, SQL_MODE='NO_AUTO_VALUE_ON_ZERO' */;
/*!40111 SET @OLD_SQL_NOTES=@@SQL_NOTES, SQL_NOTES=0 */;

--
-- Table structure for table `XMTX_test_table`
--

DROP TABLE IF EXISTS `XMTX_test_table`;
/*!40101 SET @saved_cs_client     = @@character_set_client */;
/*!50503 SET character_set_client = utf8mb4 */;
CREATE TABLE `XMTX_test_table` (
  `XMTX_test2` char(10) DEFAULT NULL,
  `XMTX_id` int NOT NULL AUTO_INCREMENT,
  `XMTX_test3` int DEFAULT NULL,
  `XMTX_title` varchar(100) NOT NULL,
  `submission_date` date DEFAULT NULL,
  `XMTX_test1` int,
  PRIMARY KEY (`XMTX_id`)
) ENGINE=InnoDB AUTO_INCREMENT=4 DEFAULT CHARSET=utf8mb3;
/*!40101 SET character_set_client = @saved_cs_client */;

--
-- Dumping data for table `XMTX_test_table`
--

LOCK TABLES `XMTX_test_table` WRITE;
/*!40000 ALTER TABLE `XMTX_test_table` DISABLE KEYS */;
INSERT INTO `XMTX_test_table` VALUES (NULL,1,NULL,'XMTX1','2022-03-25',NULL),(NULL,3,NULL,'XMTX3','2022-03-27',NULL);
/*!40000 ALTER TABLE `XMTX_test_table` ENABLE KEYS */;
UNLOCK TABLES;
/*!40103 SET TIME_ZONE=@OLD_TIME_ZONE */;

/*!40101 SET SQL_MODE=@OLD_SQL_MODE */;
/*!40014 SET FOREIGN_KEY_CHECKS=@OLD_FOREIGN_KEY_CHECKS */;
/*!40014 SET UNIQUE_CHECKS=@OLD_UNIQUE_CHECKS */;
/*!40101 SET CHARACTER_SET_CLIENT=@OLD_CHARACTER_SET_CLIENT */;
/*!40101 SET CHARACTER_SET_RESULTS=@OLD_CHARACTER_SET_RESULTS */;
/*!40101 SET COLLATION_CONNECTION=@OLD_COLLATION_CONNECTION */;
/*!40111 SET SQL_NOTES=@OLD_SQL_NOTES */;

-- Dump completed on 2022-04-02 10:23:26
```

其他命令
```
导出整个数据库中的数据
mysqldump -u root -p XMTX > database_dump.txt

备份所有数据库
mysqldump -u root -p -all-databases > database_dump.txt
```

将数据表及数据库拷贝至其他主机
```
在源主机上执行以下命令，将数据备份至 dump.txt 文件中:
mysqldump -u root -p database_name table_name > dump.txt

将备份的数据库导入到MySQL服务器中，可以使用以下命令，使用以下命令你需要确认数据库已经创建
mysql -u root -p database_name < dump.txt
```


## 2.17、导入数据
mysql命令导入
```
mysql -u 用户名 -p密码 < 要导入的数据库数据(runoob.sql)
```

source命令导入<br />source 命令导入数据库需要先登录到数库终端：
```
mysql> create database abc;      # 创建数据库
mysql> use abc;                  # 使用已创建的数据库 
mysql> set names utf8;           # 设置编码
mysql> source /home/abc/abc.sql  # 导入备份数据库
```

使用load data导入数据
```
mysql> load data local infile 'dump.txt' into table mytbl;
```
